Uso_vehiculo	Tipo_persona	Tipo_facturacion	Forma_pago	Forma_pago_detalle	Cantidad_cuotas	Descuento
Particular	Fisica	Anual	Debito_CBU	Ninguno	1	0
Particular	Fisica	Anual	Tarjeta_credito	Ninguno	1	15
Particular	Fisica	Anual	Efectivo	Ninguno	1	15
Particular	Fisica	Anual	Efectivo	Ninguno	1	0
Particular	Fisica	Anual	Tarjeta_credito	Ninguno	1	0
Particular	Fisica	Mensual	Medios_electronicos	Tarjeta_credito	1	15
Particular	Fisica	Mensual	Medios_electronicos	Debito_CBU	1	0
Particular	Fisica	Mensual	Medios_electronicos	Debito_CBU	1	15
Particular	Fisica	Mensual	Medios_electronicos	Tarjeta_credito	1	0
Particular	Fisica	Anual	Debito_CBU	Ninguno	1	15
